-- users
INSERT INTO users (id, username, password, role, status, created_at, updated_at, deleted_at) VALUES (UNHEX(REPLACE('00000000-0000-0000-0000-000000000001', '-', '')), 'user1',  '$2a$12$OQGHQ3KCDe1/6n8l2SpC1eoG11zQ0ASSoiZ9kU/z1HZq668tfsgRe', 'USER', 'ACTIVE', '2026-03-01 08:00:00', '2026-03-01 08:00:00', NULL);
INSERT INTO users (id, username, password, role, status, created_at, updated_at, deleted_at) VALUES (UNHEX(REPLACE('00000000-0000-0000-0000-000000000002', '-', '')), 'user2',  '$2a$10$h8Z7kQ1D7Qf6M3g7kB0w9e5z1bT8nJ4tF6uP2mR3xQ9yL1cV7dE2K', 'USER', 'ACTIVE', '2026-03-01 08:15:00', '2026-03-01 08:15:00', NULL);
INSERT INTO users (id, username, password, role, status, created_at, updated_at, deleted_at) VALUES (UNHEX(REPLACE('00000000-0000-0000-0000-000000000003', '-', '')), 'user3',  '$2a$10$h8Z7kQ1D7Qf6M3g7kB0w9e5z1bT8nJ4tF6uP2mR3xQ9yL1cV7dE2K', 'USER', 'ACTIVE', '2026-03-01 08:30:00', '2026-03-01 08:30:00', NULL);
INSERT INTO users (id, username, password, role, status, created_at, updated_at, deleted_at) VALUES (UNHEX(REPLACE('00000000-0000-0000-0000-000000000004', '-', '')), 'user4',  '$2a$10$h8Z7kQ1D7Qf6M3g7kB0w9e5z1bT8nJ4tF6uP2mR3xQ9yL1cV7dE2K', 'USER', 'ACTIVE', '2026-03-01 08:45:00', '2026-03-01 08:45:00', NULL);
INSERT INTO users (id, username, password, role, status, created_at, updated_at, deleted_at) VALUES (UNHEX(REPLACE('00000000-0000-0000-0000-000000000005', '-', '')), 'user5',  '$2a$10$h8Z7kQ1D7Qf6M3g7kB0w9e5z1bT8nJ4tF6uP2mR3xQ9yL1cV7dE2K', 'USER', 'ACTIVE', '2026-03-01 09:00:00', '2026-03-01 09:00:00', NULL);
INSERT INTO users (id, username, password, role, status, created_at, updated_at, deleted_at) VALUES (UNHEX(REPLACE('00000000-0000-0000-0000-000000000006', '-', '')), 'user6',  '$2a$10$h8Z7kQ1D7Qf6M3g7kB0w9e5z1bT8nJ4tF6uP2mR3xQ9yL1cV7dE2K', 'USER', 'ACTIVE', '2026-03-01 09:20:00', '2026-03-01 09:20:00', NULL);
INSERT INTO users (id, username, password, role, status, created_at, updated_at, deleted_at) VALUES (UNHEX(REPLACE('00000000-0000-0000-0000-000000000007', '-', '')), 'user7',  '$2a$10$h8Z7kQ1D7Qf6M3g7kB0w9e5z1bT8nJ4tF6uP2mR3xQ9yL1cV7dE2K', 'USER', 'ACTIVE', '2026-03-01 09:40:00', '2026-03-01 09:40:00', NULL);
INSERT INTO users (id, username, password, role, status, created_at, updated_at, deleted_at) VALUES (UNHEX(REPLACE('00000000-0000-0000-0000-000000000008', '-', '')), 'user8',  '$2a$10$h8Z7kQ1D7Qf6M3g7kB0w9e5z1bT8nJ4tF6uP2mR3xQ9yL1cV7dE2K', 'USER', 'ACTIVE', '2026-03-01 10:00:00', '2026-03-01 10:00:00', NULL);
INSERT INTO users (id, username, password, role, status, created_at, updated_at, deleted_at) VALUES (UNHEX(REPLACE('00000000-0000-0000-0000-000000000009', '-', '')), 'user9',  '$2a$10$h8Z7kQ1D7Qf6M3g7kB0w9e5z1bT8nJ4tF6uP2mR3xQ9yL1cV7dE2K', 'USER', 'ACTIVE', '2026-03-01 10:20:00', '2026-03-01 10:20:00', NULL);
INSERT INTO users (id, username, password, role, status, created_at, updated_at, deleted_at) VALUES (UNHEX(REPLACE('00000000-0000-0000-0000-00000000000a', '-', '')), 'user10', '$2a$10$h8Z7kQ1D7Qf6M3g7kB0w9e5z1bT8nJ4tF6uP2mR3xQ9yL1cV7dE2K', 'USER', 'ACTIVE', '2026-03-01 10:40:00', '2026-03-01 10:40:00', NULL);
INSERT INTO users (id, username, password, role, status, created_at, updated_at, deleted_at) VALUES (UNHEX(REPLACE('00000000-0000-0000-0000-00000000000b', '-', '')), 'user11', '$2a$10$h8Z7kQ1D7Qf6M3g7kB0w9e5z1bT8nJ4tF6uP2mR3xQ9yL1cV7dE2K', 'USER', 'ACTIVE', '2026-03-01 11:00:00', '2026-03-01 11:00:00', NULL);
INSERT INTO users (id, username, password, role, status, created_at, updated_at, deleted_at) VALUES (UNHEX(REPLACE('00000000-0000-0000-0000-00000000000c', '-', '')), 'user12', '$2a$10$h8Z7kQ1D7Qf6M3g7kB0w9e5z1bT8nJ4tF6uP2mR3xQ9yL1cV7dE2K', 'USER', 'ACTIVE', '2026-03-01 11:20:00', '2026-03-01 11:20:00', NULL);
INSERT INTO users (id, username, password, role, status, created_at, updated_at, deleted_at) VALUES (UNHEX(REPLACE('00000000-0000-0000-0000-00000000000d', '-', '')), 'user13', '$2a$10$h8Z7kQ1D7Qf6M3g7kB0w9e5z1bT8nJ4tF6uP2mR3xQ9yL1cV7dE2K', 'USER', 'ACTIVE', '2026-03-01 11:40:00', '2026-03-01 11:40:00', NULL);
INSERT INTO users (id, username, password, role, status, created_at, updated_at, deleted_at) VALUES (UNHEX(REPLACE('00000000-0000-0000-0000-00000000000e', '-', '')), 'user14', '$2a$10$h8Z7kQ1D7Qf6M3g7kB0w9e5z1bT8nJ4tF6uP2mR3xQ9yL1cV7dE2K', 'USER', 'ACTIVE', '2026-03-01 12:00:00', '2026-03-01 12:00:00', NULL);
INSERT INTO users (id, username, password, role, status, created_at, updated_at, deleted_at) VALUES (UNHEX(REPLACE('00000000-0000-0000-0000-00000000000f', '-', '')), 'user15', '$2a$10$h8Z7kQ1D7Qf6M3g7kB0w9e5z1bT8nJ4tF6uP2mR3xQ9yL1cV7dE2K', 'USER', 'ACTIVE', '2026-03-01 12:20:00', '2026-03-01 12:20:00', NULL);
INSERT INTO users (id, username, password, role, status, created_at, updated_at, deleted_at) VALUES (UNHEX(REPLACE('00000000-0000-0000-0000-000000000010', '-', '')), 'user16', '$2a$10$h8Z7kQ1D7Qf6M3g7kB0w9e5z1bT8nJ4tF6uP2mR3xQ9yL1cV7dE2K', 'USER', 'ACTIVE', '2026-03-01 12:40:00', '2026-03-01 12:40:00', NULL);
INSERT INTO users (id, username, password, role, status, created_at, updated_at, deleted_at) VALUES (UNHEX(REPLACE('00000000-0000-0000-0000-000000000011', '-', '')), 'user17', '$2a$10$h8Z7kQ1D7Qf6M3g7kB0w9e5z1bT8nJ4tF6uP2mR3xQ9yL1cV7dE2K', 'USER', 'ACTIVE', '2026-03-01 13:00:00', '2026-03-01 13:00:00', NULL);
INSERT INTO users (id, username, password, role, status, created_at, updated_at, deleted_at) VALUES (UNHEX(REPLACE('00000000-0000-0000-0000-000000000012', '-', '')), 'user18', '$2a$10$h8Z7kQ1D7Qf6M3g7kB0w9e5z1bT8nJ4tF6uP2mR3xQ9yL1cV7dE2K', 'USER', 'ACTIVE', '2026-03-01 13:20:00', '2026-03-01 13:20:00', NULL);
INSERT INTO users (id, username, password, role, status, created_at, updated_at, deleted_at) VALUES (UNHEX(REPLACE('00000000-0000-0000-0000-000000000013', '-', '')), 'user19', '$2a$10$h8Z7kQ1D7Qf6M3g7kB0w9e5z1bT8nJ4tF6uP2mR3xQ9yL1cV7dE2K', 'USER', 'ACTIVE', '2026-03-01 13:40:00', '2026-03-01 13:40:00', NULL);
INSERT INTO users (id, username, password, role, status, created_at, updated_at, deleted_at) VALUES (UNHEX(REPLACE('00000000-0000-0000-0000-000000000014', '-', '')), 'user20', '$2a$10$h8Z7kQ1D7Qf6M3g7kB0w9e5z1bT8nJ4tF6uP2mR3xQ9yL1cV7dE2K', 'USER', 'ACTIVE', '2026-03-01 14:00:00', '2026-03-01 14:00:00', NULL);

-- user_auth_providers
INSERT INTO user_auth_providers (user_id, provider) VALUES (UNHEX(REPLACE('00000000-0000-0000-0000-000000000001', '-', '')), 'LOCAL');
INSERT INTO user_auth_providers (user_id, provider) VALUES (UNHEX(REPLACE('00000000-0000-0000-0000-000000000002', '-', '')), 'LOCAL');
INSERT INTO user_auth_providers (user_id, provider) VALUES (UNHEX(REPLACE('00000000-0000-0000-0000-000000000003', '-', '')), 'LOCAL');
INSERT INTO user_auth_providers (user_id, provider) VALUES (UNHEX(REPLACE('00000000-0000-0000-0000-000000000004', '-', '')), 'LOCAL');
INSERT INTO user_auth_providers (user_id, provider) VALUES (UNHEX(REPLACE('00000000-0000-0000-0000-000000000005', '-', '')), 'LOCAL');
INSERT INTO user_auth_providers (user_id, provider) VALUES (UNHEX(REPLACE('00000000-0000-0000-0000-000000000006', '-', '')), 'LOCAL');
INSERT INTO user_auth_providers (user_id, provider) VALUES (UNHEX(REPLACE('00000000-0000-0000-0000-000000000007', '-', '')), 'LOCAL');
INSERT INTO user_auth_providers (user_id, provider) VALUES (UNHEX(REPLACE('00000000-0000-0000-0000-000000000008', '-', '')), 'LOCAL');
INSERT INTO user_auth_providers (user_id, provider) VALUES (UNHEX(REPLACE('00000000-0000-0000-0000-000000000009', '-', '')), 'LOCAL');
INSERT INTO user_auth_providers (user_id, provider) VALUES (UNHEX(REPLACE('00000000-0000-0000-0000-00000000000a', '-', '')), 'LOCAL');
INSERT INTO user_auth_providers (user_id, provider) VALUES (UNHEX(REPLACE('00000000-0000-0000-0000-00000000000b', '-', '')), 'LOCAL');
INSERT INTO user_auth_providers (user_id, provider) VALUES (UNHEX(REPLACE('00000000-0000-0000-0000-00000000000c', '-', '')), 'LOCAL');
INSERT INTO user_auth_providers (user_id, provider) VALUES (UNHEX(REPLACE('00000000-0000-0000-0000-00000000000d', '-', '')), 'LOCAL');
INSERT INTO user_auth_providers (user_id, provider) VALUES (UNHEX(REPLACE('00000000-0000-0000-0000-00000000000e', '-', '')), 'LOCAL');
INSERT INTO user_auth_providers (user_id, provider) VALUES (UNHEX(REPLACE('00000000-0000-0000-0000-00000000000f', '-', '')), 'LOCAL');
INSERT INTO user_auth_providers (user_id, provider) VALUES (UNHEX(REPLACE('00000000-0000-0000-0000-000000000010', '-', '')), 'LOCAL');
INSERT INTO user_auth_providers (user_id, provider) VALUES (UNHEX(REPLACE('00000000-0000-0000-0000-000000000011', '-', '')), 'LOCAL');
INSERT INTO user_auth_providers (user_id, provider) VALUES (UNHEX(REPLACE('00000000-0000-0000-0000-000000000012', '-', '')), 'LOCAL');
INSERT INTO user_auth_providers (user_id, provider) VALUES (UNHEX(REPLACE('00000000-0000-0000-0000-000000000013', '-', '')), 'LOCAL');
INSERT INTO user_auth_providers (user_id, provider) VALUES (UNHEX(REPLACE('00000000-0000-0000-0000-000000000014', '-', '')), 'LOCAL');

-- user_profiles
INSERT INTO user_profiles (id, user_id, last_name, first_name, birth_date, gender, phone_number, email, display_name, avatar_url, completed, created_at, updated_at, deleted_at, email_verified_at) VALUES (UNHEX(REPLACE('50000000-0000-0000-0000-000000000001', '-', '')), UNHEX(REPLACE('00000000-0000-0000-0000-000000000001', '-', '')), 'Nguyen', 'User1',  '2000-01-01', 'MALE',   '0900000001', 'user1@mail.com',  'User 1',  NULL, TRUE, '2026-03-01 08:00:00', '2026-03-01 08:00:00', NULL, '2026-03-01 08:05:00');
INSERT INTO user_profiles (id, user_id, last_name, first_name, birth_date, gender, phone_number, email, display_name, avatar_url, completed, created_at, updated_at, deleted_at, email_verified_at) VALUES (UNHEX(REPLACE('50000000-0000-0000-0000-000000000002', '-', '')), UNHEX(REPLACE('00000000-0000-0000-0000-000000000002', '-', '')), 'Tran',   'User2',  '2000-02-02', 'FEMALE', '0900000002', 'user2@mail.com',  'User 2',  NULL, TRUE, '2026-03-01 08:15:00', '2026-03-01 08:15:00', NULL, '2026-03-01 08:20:00');
INSERT INTO user_profiles (id, user_id, last_name, first_name, birth_date, gender, phone_number, email, display_name, avatar_url, completed, created_at, updated_at, deleted_at, email_verified_at) VALUES (UNHEX(REPLACE('50000000-0000-0000-0000-000000000003', '-', '')), UNHEX(REPLACE('00000000-0000-0000-0000-000000000003', '-', '')), 'Le',     'User3',  '2000-03-03', 'MALE',   '0900000003', 'user3@mail.com',  'User 3',  NULL, TRUE, '2026-03-01 08:30:00', '2026-03-01 08:30:00', NULL, '2026-03-01 08:35:00');
INSERT INTO user_profiles (id, user_id, last_name, first_name, birth_date, gender, phone_number, email, display_name, avatar_url, completed, created_at, updated_at, deleted_at, email_verified_at) VALUES (UNHEX(REPLACE('50000000-0000-0000-0000-000000000004', '-', '')), UNHEX(REPLACE('00000000-0000-0000-0000-000000000004', '-', '')), 'Pham',   'User4',  '2000-04-04', 'FEMALE', '0900000004', 'user4@mail.com',  'User 4',  NULL, TRUE, '2026-03-01 08:45:00', '2026-03-01 08:45:00', NULL, '2026-03-01 08:50:00');
INSERT INTO user_profiles (id, user_id, last_name, first_name, birth_date, gender, phone_number, email, display_name, avatar_url, completed, created_at, updated_at, deleted_at, email_verified_at) VALUES (UNHEX(REPLACE('50000000-0000-0000-0000-000000000005', '-', '')), UNHEX(REPLACE('00000000-0000-0000-0000-000000000005', '-', '')), 'Vo',     'User5',  '2000-05-05', 'MALE',   '0900000005', 'user5@mail.com',  'User 5',  NULL, TRUE, '2026-03-01 09:00:00', '2026-03-01 09:00:00', NULL, '2026-03-01 09:05:00');
INSERT INTO user_profiles (id, user_id, last_name, first_name, birth_date, gender, phone_number, email, display_name, avatar_url, completed, created_at, updated_at, deleted_at, email_verified_at) VALUES (UNHEX(REPLACE('50000000-0000-0000-0000-000000000006', '-', '')), UNHEX(REPLACE('00000000-0000-0000-0000-000000000006', '-', '')), 'Do',     'User6',  '2000-06-06', 'FEMALE', '0900000006', 'user6@mail.com',  'User 6',  NULL, TRUE, '2026-03-01 09:20:00', '2026-03-01 09:20:00', NULL, '2026-03-01 09:25:00');
INSERT INTO user_profiles (id, user_id, last_name, first_name, birth_date, gender, phone_number, email, display_name, avatar_url, completed, created_at, updated_at, deleted_at, email_verified_at) VALUES (UNHEX(REPLACE('50000000-0000-0000-0000-000000000007', '-', '')), UNHEX(REPLACE('00000000-0000-0000-0000-000000000007', '-', '')), 'Bui',    'User7',  '2000-07-07', 'MALE',   '0900000007', 'user7@mail.com',  'User 7',  NULL, TRUE, '2026-03-01 09:40:00', '2026-03-01 09:40:00', NULL, '2026-03-01 09:45:00');
INSERT INTO user_profiles (id, user_id, last_name, first_name, birth_date, gender, phone_number, email, display_name, avatar_url, completed, created_at, updated_at, deleted_at, email_verified_at) VALUES (UNHEX(REPLACE('50000000-0000-0000-0000-000000000008', '-', '')), UNHEX(REPLACE('00000000-0000-0000-0000-000000000008', '-', '')), 'Hoang',  'User8',  '2000-08-08', 'FEMALE', '0900000008', 'user8@mail.com',  'User 8',  NULL, TRUE, '2026-03-01 10:00:00', '2026-03-01 10:00:00', NULL, '2026-03-01 10:05:00');
INSERT INTO user_profiles (id, user_id, last_name, first_name, birth_date, gender, phone_number, email, display_name, avatar_url, completed, created_at, updated_at, deleted_at, email_verified_at) VALUES (UNHEX(REPLACE('50000000-0000-0000-0000-000000000009', '-', '')), UNHEX(REPLACE('00000000-0000-0000-0000-000000000009', '-', '')), 'Dang',   'User9',  '2000-09-09', 'MALE',   '0900000009', 'user9@mail.com',  'User 9',  NULL, TRUE, '2026-03-01 10:20:00', '2026-03-01 10:20:00', NULL, '2026-03-01 10:25:00');
INSERT INTO user_profiles (id, user_id, last_name, first_name, birth_date, gender, phone_number, email, display_name, avatar_url, completed, created_at, updated_at, deleted_at, email_verified_at) VALUES (UNHEX(REPLACE('50000000-0000-0000-0000-00000000000a', '-', '')), UNHEX(REPLACE('00000000-0000-0000-0000-00000000000a', '-', '')), 'Pham',   'User10', '2000-10-10', 'FEMALE', '0900000010', 'user10@mail.com', 'User 10', NULL, TRUE, '2026-03-01 10:40:00', '2026-03-01 10:40:00', NULL, '2026-03-01 10:45:00');
INSERT INTO user_profiles (id, user_id, last_name, first_name, birth_date, gender, phone_number, email, display_name, avatar_url, completed, created_at, updated_at, deleted_at, email_verified_at) VALUES (UNHEX(REPLACE('50000000-0000-0000-0000-00000000000b', '-', '')), UNHEX(REPLACE('00000000-0000-0000-0000-00000000000b', '-', '')), 'Nguyen', 'User11', '2000-11-11', 'MALE',   '0900000011', 'user11@mail.com', 'User 11', NULL, TRUE, '2026-03-01 11:00:00', '2026-03-01 11:00:00', NULL, '2026-03-01 11:05:00');
INSERT INTO user_profiles (id, user_id, last_name, first_name, birth_date, gender, phone_number, email, display_name, avatar_url, completed, created_at, updated_at, deleted_at, email_verified_at) VALUES (UNHEX(REPLACE('50000000-0000-0000-0000-00000000000c', '-', '')), UNHEX(REPLACE('00000000-0000-0000-0000-00000000000c', '-', '')), 'Le',     'User12', '2000-12-12', 'FEMALE', '0900000012', 'user12@mail.com', 'User 12', NULL, TRUE, '2026-03-01 11:20:00', '2026-03-01 11:20:00', NULL, '2026-03-01 11:25:00');
INSERT INTO user_profiles (id, user_id, last_name, first_name, birth_date, gender, phone_number, email, display_name, avatar_url, completed, created_at, updated_at, deleted_at, email_verified_at) VALUES (UNHEX(REPLACE('50000000-0000-0000-0000-00000000000d', '-', '')), UNHEX(REPLACE('00000000-0000-0000-0000-00000000000d', '-', '')), 'Tran',   'User13', '2001-01-13', 'MALE',   '0900000013', 'user13@mail.com', 'User 13', NULL, TRUE, '2026-03-01 11:40:00', '2026-03-01 11:40:00', NULL, '2026-03-01 11:45:00');
INSERT INTO user_profiles (id, user_id, last_name, first_name, birth_date, gender, phone_number, email, display_name, avatar_url, completed, created_at, updated_at, deleted_at, email_verified_at) VALUES (UNHEX(REPLACE('50000000-0000-0000-0000-00000000000e', '-', '')), UNHEX(REPLACE('00000000-0000-0000-0000-00000000000e', '-', '')), 'Vo',     'User14', '2001-02-14', 'FEMALE', '0900000014', 'user14@mail.com', 'User 14', NULL, TRUE, '2026-03-01 12:00:00', '2026-03-01 12:00:00', NULL, '2026-03-01 12:05:00');
INSERT INTO user_profiles (id, user_id, last_name, first_name, birth_date, gender, phone_number, email, display_name, avatar_url, completed, created_at, updated_at, deleted_at, email_verified_at) VALUES (UNHEX(REPLACE('50000000-0000-0000-0000-00000000000f', '-', '')), UNHEX(REPLACE('00000000-0000-0000-0000-00000000000f', '-', '')), 'Do',     'User15', '2001-03-15', 'MALE',   '0900000015', 'user15@mail.com', 'User 15', NULL, TRUE, '2026-03-01 12:20:00', '2026-03-01 12:20:00', NULL, '2026-03-01 12:25:00');
INSERT INTO user_profiles (id, user_id, last_name, first_name, birth_date, gender, phone_number, email, display_name, avatar_url, completed, created_at, updated_at, deleted_at, email_verified_at) VALUES (UNHEX(REPLACE('50000000-0000-0000-0000-000000000010', '-', '')), UNHEX(REPLACE('00000000-0000-0000-0000-000000000010', '-', '')), 'Bui',    'User16', '2001-04-16', 'FEMALE', '0900000016', 'user16@mail.com', 'User 16', NULL, TRUE, '2026-03-01 12:40:00', '2026-03-01 12:40:00', NULL, '2026-03-01 12:45:00');
INSERT INTO user_profiles (id, user_id, last_name, first_name, birth_date, gender, phone_number, email, display_name, avatar_url, completed, created_at, updated_at, deleted_at, email_verified_at) VALUES (UNHEX(REPLACE('50000000-0000-0000-0000-000000000011', '-', '')), UNHEX(REPLACE('00000000-0000-0000-0000-000000000011', '-', '')), 'Hoang',  'User17', '2001-05-17', 'MALE',   '0900000017', 'user17@mail.com', 'User 17', NULL, TRUE, '2026-03-01 13:00:00', '2026-03-01 13:00:00', NULL, '2026-03-01 13:05:00');
INSERT INTO user_profiles (id, user_id, last_name, first_name, birth_date, gender, phone_number, email, display_name, avatar_url, completed, created_at, updated_at, deleted_at, email_verified_at) VALUES (UNHEX(REPLACE('50000000-0000-0000-0000-000000000012', '-', '')), UNHEX(REPLACE('00000000-0000-0000-0000-000000000012', '-', '')), 'Dang',   'User18', '2001-06-18', 'FEMALE', '0900000018', 'user18@mail.com', 'User 18', NULL, TRUE, '2026-03-01 13:20:00', '2026-03-01 13:20:00', NULL, '2026-03-01 13:25:00');
INSERT INTO user_profiles (id, user_id, last_name, first_name, birth_date, gender, phone_number, email, display_name, avatar_url, completed, created_at, updated_at, deleted_at, email_verified_at) VALUES (UNHEX(REPLACE('50000000-0000-0000-0000-000000000013', '-', '')), UNHEX(REPLACE('00000000-0000-0000-0000-000000000013', '-', '')), 'Pham',   'User19', '2001-07-19', 'MALE',   '0900000019', 'user19@mail.com', 'User 19', NULL, TRUE, '2026-03-01 13:40:00', '2026-03-01 13:40:00', NULL, '2026-03-01 13:45:00');
INSERT INTO user_profiles (id, user_id, last_name, first_name, birth_date, gender, phone_number, email, display_name, avatar_url, completed, created_at, updated_at, deleted_at, email_verified_at) VALUES (UNHEX(REPLACE('50000000-0000-0000-0000-000000000014', '-', '')), UNHEX(REPLACE('00000000-0000-0000-0000-000000000014', '-', '')), 'Nguyen', 'User20', '2001-08-20', 'FEMALE', '0900000020', 'user20@mail.com', 'User 20', NULL, TRUE, '2026-03-01 14:00:00', '2026-03-01 14:00:00', NULL, '2026-03-01 14:05:00');

-- friendships
INSERT INTO friendships (id, user_low_id, user_high_id, requester_id, addressee_id, status, created_at, updated_at) VALUES (UNHEX(REPLACE('10000000-0000-0000-0000-000000000001', '-', '')), UNHEX(REPLACE('00000000-0000-0000-0000-000000000001', '-', '')), UNHEX(REPLACE('00000000-0000-0000-0000-000000000002', '-', '')), UNHEX(REPLACE('00000000-0000-0000-0000-000000000001', '-', '')), UNHEX(REPLACE('00000000-0000-0000-0000-000000000002', '-', '')), 'ACCEPTED', '2026-03-05 09:00:00', '2026-03-05 09:10:00');
INSERT INTO friendships (id, user_low_id, user_high_id, requester_id, addressee_id, status, created_at, updated_at) VALUES (UNHEX(REPLACE('10000000-0000-0000-0000-000000000002', '-', '')), UNHEX(REPLACE('00000000-0000-0000-0000-000000000001', '-', '')), UNHEX(REPLACE('00000000-0000-0000-0000-000000000003', '-', '')), UNHEX(REPLACE('00000000-0000-0000-0000-000000000001', '-', '')), UNHEX(REPLACE('00000000-0000-0000-0000-000000000003', '-', '')), 'ACCEPTED', '2026-03-05 09:20:00', '2026-03-05 09:40:00');
INSERT INTO friendships (id, user_low_id, user_high_id, requester_id, addressee_id, status, created_at, updated_at) VALUES (UNHEX(REPLACE('10000000-0000-0000-0000-000000000003', '-', '')), UNHEX(REPLACE('00000000-0000-0000-0000-000000000001', '-', '')), UNHEX(REPLACE('00000000-0000-0000-0000-000000000004', '-', '')), UNHEX(REPLACE('00000000-0000-0000-0000-000000000004', '-', '')), UNHEX(REPLACE('00000000-0000-0000-0000-000000000001', '-', '')), 'PENDING', '2026-03-05 10:00:00', '2026-03-05 10:00:00');
INSERT INTO friendships (id, user_low_id, user_high_id, requester_id, addressee_id, status, created_at, updated_at) VALUES (UNHEX(REPLACE('10000000-0000-0000-0000-000000000004', '-', '')), UNHEX(REPLACE('00000000-0000-0000-0000-000000000002', '-', '')), UNHEX(REPLACE('00000000-0000-0000-0000-000000000003', '-', '')), UNHEX(REPLACE('00000000-0000-0000-0000-000000000002', '-', '')), UNHEX(REPLACE('00000000-0000-0000-0000-000000000003', '-', '')), 'ACCEPTED', '2026-03-05 11:15:00', '2026-03-05 11:25:00');
INSERT INTO friendships (id, user_low_id, user_high_id, requester_id, addressee_id, status, created_at, updated_at) VALUES (UNHEX(REPLACE('10000000-0000-0000-0000-000000000005', '-', '')), UNHEX(REPLACE('00000000-0000-0000-0000-000000000002', '-', '')), UNHEX(REPLACE('00000000-0000-0000-0000-000000000005', '-', '')), UNHEX(REPLACE('00000000-0000-0000-0000-000000000002', '-', '')), UNHEX(REPLACE('00000000-0000-0000-0000-000000000005', '-', '')), 'PENDING', '2026-03-06 08:45:00', '2026-03-06 08:45:00');
INSERT INTO friendships (id, user_low_id, user_high_id, requester_id, addressee_id, status, created_at, updated_at) VALUES (UNHEX(REPLACE('10000000-0000-0000-0000-000000000006', '-', '')), UNHEX(REPLACE('00000000-0000-0000-0000-000000000003', '-', '')), UNHEX(REPLACE('00000000-0000-0000-0000-000000000006', '-', '')), UNHEX(REPLACE('00000000-0000-0000-0000-000000000003', '-', '')), UNHEX(REPLACE('00000000-0000-0000-0000-000000000006', '-', '')), 'ACCEPTED', '2026-03-06 09:10:00', '2026-03-06 09:30:00');
INSERT INTO friendships (id, user_low_id, user_high_id, requester_id, addressee_id, status, created_at, updated_at) VALUES (UNHEX(REPLACE('10000000-0000-0000-0000-000000000007', '-', '')), UNHEX(REPLACE('00000000-0000-0000-0000-000000000004', '-', '')), UNHEX(REPLACE('00000000-0000-0000-0000-000000000005', '-', '')), UNHEX(REPLACE('00000000-0000-0000-0000-000000000004', '-', '')), UNHEX(REPLACE('00000000-0000-0000-0000-000000000005', '-', '')), 'ACCEPTED', '2026-03-06 11:00:00', '2026-03-06 11:20:00');
INSERT INTO friendships (id, user_low_id, user_high_id, requester_id, addressee_id, status, created_at, updated_at) VALUES (UNHEX(REPLACE('10000000-0000-0000-0000-000000000008', '-', '')), UNHEX(REPLACE('00000000-0000-0000-0000-000000000004', '-', '')), UNHEX(REPLACE('00000000-0000-0000-0000-000000000006', '-', '')), UNHEX(REPLACE('00000000-0000-0000-0000-000000000006', '-', '')), UNHEX(REPLACE('00000000-0000-0000-0000-000000000004', '-', '')), 'PENDING', '2026-03-06 12:30:00', '2026-03-06 12:30:00');
INSERT INTO friendships (id, user_low_id, user_high_id, requester_id, addressee_id, status, created_at, updated_at) VALUES (UNHEX(REPLACE('10000000-0000-0000-0000-000000000009', '-', '')), UNHEX(REPLACE('00000000-0000-0000-0000-000000000005', '-', '')), UNHEX(REPLACE('00000000-0000-0000-0000-000000000007', '-', '')), UNHEX(REPLACE('00000000-0000-0000-0000-000000000005', '-', '')), UNHEX(REPLACE('00000000-0000-0000-0000-000000000007', '-', '')), 'ACCEPTED', '2026-03-07 08:20:00', '2026-03-07 08:30:00');
INSERT INTO friendships (id, user_low_id, user_high_id, requester_id, addressee_id, status, created_at, updated_at) VALUES (UNHEX(REPLACE('10000000-0000-0000-0000-00000000000a', '-', '')), UNHEX(REPLACE('00000000-0000-0000-0000-000000000006', '-', '')), UNHEX(REPLACE('00000000-0000-0000-0000-000000000008', '-', '')), UNHEX(REPLACE('00000000-0000-0000-0000-000000000006', '-', '')), UNHEX(REPLACE('00000000-0000-0000-0000-000000000008', '-', '')), 'ACCEPTED', '2026-03-07 09:05:00', '2026-03-07 09:15:00');
INSERT INTO friendships (id, user_low_id, user_high_id, requester_id, addressee_id, status, created_at, updated_at) VALUES (UNHEX(REPLACE('10000000-0000-0000-0000-00000000000b', '-', '')), UNHEX(REPLACE('00000000-0000-0000-0000-000000000007', '-', '')), UNHEX(REPLACE('00000000-0000-0000-0000-000000000008', '-', '')), UNHEX(REPLACE('00000000-0000-0000-0000-000000000007', '-', '')), UNHEX(REPLACE('00000000-0000-0000-0000-000000000008', '-', '')), 'PENDING', '2026-03-07 10:40:00', '2026-03-07 10:40:00');
INSERT INTO friendships (id, user_low_id, user_high_id, requester_id, addressee_id, status, created_at, updated_at) VALUES (UNHEX(REPLACE('10000000-0000-0000-0000-00000000000c', '-', '')), UNHEX(REPLACE('00000000-0000-0000-0000-000000000008', '-', '')), UNHEX(REPLACE('00000000-0000-0000-0000-000000000009', '-', '')), UNHEX(REPLACE('00000000-0000-0000-0000-000000000008', '-', '')), UNHEX(REPLACE('00000000-0000-0000-0000-000000000009', '-', '')), 'ACCEPTED', '2026-03-08 14:15:00', '2026-03-08 14:20:00');
INSERT INTO friendships (id, user_low_id, user_high_id, requester_id, addressee_id, status, created_at, updated_at) VALUES (UNHEX(REPLACE('10000000-0000-0000-0000-00000000000d', '-', '')), UNHEX(REPLACE('00000000-0000-0000-0000-000000000009', '-', '')), UNHEX(REPLACE('00000000-0000-0000-0000-00000000000a', '-', '')), UNHEX(REPLACE('00000000-0000-0000-0000-000000000009', '-', '')), UNHEX(REPLACE('00000000-0000-0000-0000-00000000000a', '-', '')), 'ACCEPTED', '2026-03-08 16:00:00', '2026-03-08 16:10:00');
INSERT INTO friendships (id, user_low_id, user_high_id, requester_id, addressee_id, status, created_at, updated_at) VALUES (UNHEX(REPLACE('10000000-0000-0000-0000-00000000000e', '-', '')), UNHEX(REPLACE('00000000-0000-0000-0000-00000000000a', '-', '')), UNHEX(REPLACE('00000000-0000-0000-0000-00000000000b', '-', '')), UNHEX(REPLACE('00000000-0000-0000-0000-00000000000b', '-', '')), UNHEX(REPLACE('00000000-0000-0000-0000-00000000000a', '-', '')), 'PENDING', '2026-03-08 17:25:00', '2026-03-08 17:25:00');
INSERT INTO friendships (id, user_low_id, user_high_id, requester_id, addressee_id, status, created_at, updated_at) VALUES (UNHEX(REPLACE('10000000-0000-0000-0000-00000000000f', '-', '')), UNHEX(REPLACE('00000000-0000-0000-0000-00000000000b', '-', '')), UNHEX(REPLACE('00000000-0000-0000-0000-00000000000c', '-', '')), UNHEX(REPLACE('00000000-0000-0000-0000-00000000000b', '-', '')), UNHEX(REPLACE('00000000-0000-0000-0000-00000000000c', '-', '')), 'ACCEPTED', '2026-03-09 08:50:00', '2026-03-09 09:00:00');
INSERT INTO friendships (id, user_low_id, user_high_id, requester_id, addressee_id, status, created_at, updated_at) VALUES (UNHEX(REPLACE('10000000-0000-0000-0000-000000000010', '-', '')), UNHEX(REPLACE('00000000-0000-0000-0000-00000000000c', '-', '')), UNHEX(REPLACE('00000000-0000-0000-0000-00000000000d', '-', '')), UNHEX(REPLACE('00000000-0000-0000-0000-00000000000c', '-', '')), UNHEX(REPLACE('00000000-0000-0000-0000-00000000000d', '-', '')), 'ACCEPTED', '2026-03-09 10:00:00', '2026-03-09 10:10:00');
INSERT INTO friendships (id, user_low_id, user_high_id, requester_id, addressee_id, status, created_at, updated_at) VALUES (UNHEX(REPLACE('10000000-0000-0000-0000-000000000011', '-', '')), UNHEX(REPLACE('00000000-0000-0000-0000-00000000000d', '-', '')), UNHEX(REPLACE('00000000-0000-0000-0000-00000000000e', '-', '')), UNHEX(REPLACE('00000000-0000-0000-0000-00000000000d', '-', '')), UNHEX(REPLACE('00000000-0000-0000-0000-00000000000e', '-', '')), 'PENDING', '2026-03-09 11:30:00', '2026-03-09 11:30:00');
INSERT INTO friendships (id, user_low_id, user_high_id, requester_id, addressee_id, status, created_at, updated_at) VALUES (UNHEX(REPLACE('10000000-0000-0000-0000-000000000012', '-', '')), UNHEX(REPLACE('00000000-0000-0000-0000-00000000000e', '-', '')), UNHEX(REPLACE('00000000-0000-0000-0000-00000000000f', '-', '')), UNHEX(REPLACE('00000000-0000-0000-0000-00000000000e', '-', '')), UNHEX(REPLACE('00000000-0000-0000-0000-00000000000f', '-', '')), 'ACCEPTED', '2026-03-10 09:10:00', '2026-03-10 09:20:00');
INSERT INTO friendships (id, user_low_id, user_high_id, requester_id, addressee_id, status, created_at, updated_at) VALUES (UNHEX(REPLACE('10000000-0000-0000-0000-000000000013', '-', '')), UNHEX(REPLACE('00000000-0000-0000-0000-00000000000f', '-', '')), UNHEX(REPLACE('00000000-0000-0000-0000-000000000010', '-', '')), UNHEX(REPLACE('00000000-0000-0000-0000-00000000000f', '-', '')), UNHEX(REPLACE('00000000-0000-0000-0000-000000000010', '-', '')), 'ACCEPTED', '2026-03-10 10:45:00', '2026-03-10 10:55:00');
INSERT INTO friendships (id, user_low_id, user_high_id, requester_id, addressee_id, status, created_at, updated_at) VALUES (UNHEX(REPLACE('10000000-0000-0000-0000-000000000014', '-', '')), UNHEX(REPLACE('00000000-0000-0000-0000-000000000011', '-', '')), UNHEX(REPLACE('00000000-0000-0000-0000-000000000012', '-', '')), UNHEX(REPLACE('00000000-0000-0000-0000-000000000012', '-', '')), UNHEX(REPLACE('00000000-0000-0000-0000-000000000011', '-', '')), 'PENDING', '2026-03-10 12:00:00', '2026-03-10 12:00:00');

-- conversations
INSERT INTO conversations (id, type, name, avatar_url, created_by, last_message_id, last_message_preview, last_sender_id, last_message_at, created_at, updated_at, deleted_at) VALUES (UNHEX(REPLACE('20000000-0000-0000-0000-000000000001', '-', '')), 'PRIVATE', NULL, NULL, UNHEX(REPLACE('00000000-0000-0000-0000-000000000001', '-', '')), UNHEX(REPLACE('40000000-0000-0000-0000-000000000002', '-', '')), 'Hi user1, how are you?', UNHEX(REPLACE('00000000-0000-0000-0000-000000000002', '-', '')), '2026-03-20 08:07:00', '2026-03-13 08:00:00', '2026-03-20 08:07:00', NULL);
INSERT INTO conversations (id, type, name, avatar_url, created_by, last_message_id, last_message_preview, last_sender_id, last_message_at, created_at, updated_at, deleted_at) VALUES (UNHEX(REPLACE('20000000-0000-0000-0000-000000000002', '-', '')), 'PRIVATE', NULL, NULL, UNHEX(REPLACE('00000000-0000-0000-0000-000000000001', '-', '')), UNHEX(REPLACE('40000000-0000-0000-0000-000000000004', '-', '')), 'Almost done, sending now.', UNHEX(REPLACE('00000000-0000-0000-0000-000000000003', '-', '')), '2026-03-20 09:13:00', '2026-03-13 09:00:00', '2026-03-20 09:13:00', NULL);
INSERT INTO conversations (id, type, name, avatar_url, created_by, last_message_id, last_message_preview, last_sender_id, last_message_at, created_at, updated_at, deleted_at) VALUES (UNHEX(REPLACE('20000000-0000-0000-0000-000000000003', '-', '')), 'PRIVATE', NULL, NULL, UNHEX(REPLACE('00000000-0000-0000-0000-000000000002', '-', '')), UNHEX(REPLACE('40000000-0000-0000-0000-000000000005', '-', '')), 'Lunch today?', UNHEX(REPLACE('00000000-0000-0000-0000-000000000002', '-', '')), '2026-03-20 11:45:00', '2026-03-13 10:00:00', '2026-03-20 11:45:00', NULL);
INSERT INTO conversations (id, type, name, avatar_url, created_by, last_message_id, last_message_preview, last_sender_id, last_message_at, created_at, updated_at, deleted_at) VALUES (UNHEX(REPLACE('20000000-0000-0000-0000-000000000004', '-', '')), 'PRIVATE', NULL, NULL, UNHEX(REPLACE('00000000-0000-0000-0000-000000000004', '-', '')), UNHEX(REPLACE('40000000-0000-0000-0000-000000000006', '-', '')), 'Sure, let''s meet at 1 PM.', UNHEX(REPLACE('00000000-0000-0000-0000-000000000005', '-', '')), '2026-03-20 12:10:00', '2026-03-13 11:00:00', '2026-03-20 12:10:00', NULL);
INSERT INTO conversations (id, type, name, avatar_url, created_by, last_message_id, last_message_preview, last_sender_id, last_message_at, created_at, updated_at, deleted_at) VALUES (UNHEX(REPLACE('20000000-0000-0000-0000-000000000005', '-', '')), 'PRIVATE', NULL, NULL, UNHEX(REPLACE('00000000-0000-0000-0000-000000000006', '-', '')), UNHEX(REPLACE('40000000-0000-0000-0000-000000000007', '-', '')), 'Are you free this evening?', UNHEX(REPLACE('00000000-0000-0000-0000-000000000006', '-', '')), '2026-03-20 18:25:00', '2026-03-14 14:00:00', '2026-03-20 18:25:00', NULL);
INSERT INTO conversations (id, type, name, avatar_url, created_by, last_message_id, last_message_preview, last_sender_id, last_message_at, created_at, updated_at, deleted_at) VALUES (UNHEX(REPLACE('20000000-0000-0000-0000-000000000006', '-', '')), 'PRIVATE', NULL, NULL, UNHEX(REPLACE('00000000-0000-0000-0000-000000000008', '-', '')), UNHEX(REPLACE('40000000-0000-0000-0000-000000000008', '-', '')), 'Yes, I will call you later.', UNHEX(REPLACE('00000000-0000-0000-0000-000000000009', '-', '')), '2026-03-20 19:05:00', '2026-03-14 16:00:00', '2026-03-20 19:05:00', NULL);
INSERT INTO conversations (id, type, name, avatar_url, created_by, last_message_id, last_message_preview, last_sender_id, last_message_at, created_at, updated_at, deleted_at) VALUES (UNHEX(REPLACE('20000000-0000-0000-0000-000000000007', '-', '')), 'PRIVATE', NULL, NULL, UNHEX(REPLACE('00000000-0000-0000-0000-000000000009', '-', '')), UNHEX(REPLACE('40000000-0000-0000-0000-000000000009', '-', '')), 'Can you review my code?', UNHEX(REPLACE('00000000-0000-0000-0000-00000000000a', '-', '')), '2026-03-21 08:40:00', '2026-03-14 18:00:00', '2026-03-21 08:40:00', NULL);
INSERT INTO conversations (id, type, name, avatar_url, created_by, last_message_id, last_message_preview, last_sender_id, last_message_at, created_at, updated_at, deleted_at) VALUES (UNHEX(REPLACE('20000000-0000-0000-0000-000000000008', '-', '')), 'PRIVATE', NULL, NULL, UNHEX(REPLACE('00000000-0000-0000-0000-00000000000b', '-', '')), UNHEX(REPLACE('40000000-0000-0000-0000-00000000000a', '-', '')), 'Please check the document.', UNHEX(REPLACE('00000000-0000-0000-0000-00000000000b', '-', '')), '2026-03-21 10:15:00', '2026-03-15 08:30:00', '2026-03-21 10:15:00', NULL);
INSERT INTO conversations (id, type, name, avatar_url, created_by, last_message_id, last_message_preview, last_sender_id, last_message_at, created_at, updated_at, deleted_at) VALUES (UNHEX(REPLACE('20000000-0000-0000-0000-000000000009', '-', '')), 'PRIVATE', NULL, NULL, UNHEX(REPLACE('00000000-0000-0000-0000-00000000000e', '-', '')), UNHEX(REPLACE('40000000-0000-0000-0000-00000000000b', '-', '')), 'Meeting moved to tomorrow.', UNHEX(REPLACE('00000000-0000-0000-0000-00000000000f', '-', '')), '2026-03-21 14:00:00', '2026-03-15 09:00:00', '2026-03-21 14:00:00', NULL);
INSERT INTO conversations (id, type, name, avatar_url, created_by, last_message_id, last_message_preview, last_sender_id, last_message_at, created_at, updated_at, deleted_at) VALUES (UNHEX(REPLACE('20000000-0000-0000-0000-00000000000a', '-', '')), 'GROUP', 'Project Alpha', 'https://example.com/group-alpha.png', UNHEX(REPLACE('00000000-0000-0000-0000-000000000001', '-', '')), UNHEX(REPLACE('40000000-0000-0000-0000-00000000000e', '-', '')), 'Let''s sync at 9 AM.', UNHEX(REPLACE('00000000-0000-0000-0000-000000000003', '-', '')), '2026-03-21 16:35:00', '2026-03-16 19:00:00', '2026-03-21 16:35:00', NULL);
INSERT INTO conversations (id, type, name, avatar_url, created_by, last_message_id, last_message_preview, last_sender_id, last_message_at, created_at, updated_at, deleted_at) VALUES (UNHEX(REPLACE('20000000-0000-0000-0000-00000000000b', '-', '')), 'GROUP', 'Weekend Plan', 'https://example.com/weekend-plan.png', UNHEX(REPLACE('00000000-0000-0000-0000-000000000005', '-', '')), UNHEX(REPLACE('40000000-0000-0000-0000-000000000010', '-', '')), 'Yes, leaving on Saturday.', UNHEX(REPLACE('00000000-0000-0000-0000-000000000007', '-', '')), '2026-03-22 09:25:00', '2026-03-16 20:00:00', '2026-03-22 09:25:00', NULL);
INSERT INTO conversations (id, type, name, avatar_url, created_by, last_message_id, last_message_preview, last_sender_id, last_message_at, created_at, updated_at, deleted_at) VALUES (UNHEX(REPLACE('20000000-0000-0000-0000-00000000000c', '-', '')), 'GROUP', 'Study Group', 'https://example.com/study-group.png', UNHEX(REPLACE('00000000-0000-0000-0000-000000000009', '-', '')), UNHEX(REPLACE('40000000-0000-0000-0000-000000000011', '-', '')), 'Chapter 5 is difficult.', UNHEX(REPLACE('00000000-0000-0000-0000-00000000000a', '-', '')), '2026-03-22 20:10:00', '2026-03-17 20:30:00', '2026-03-22 20:10:00', NULL);
INSERT INTO conversations (id, type, name, avatar_url, created_by, last_message_id, last_message_preview, last_sender_id, last_message_at, created_at, updated_at, deleted_at) VALUES (UNHEX(REPLACE('20000000-0000-0000-0000-00000000000d', '-', '')), 'GROUP', 'Family Chat', 'https://example.com/family-chat.png', UNHEX(REPLACE('00000000-0000-0000-0000-00000000000d', '-', '')), UNHEX(REPLACE('40000000-0000-0000-0000-000000000012', '-', '')), 'Family dinner at 7 PM.', UNHEX(REPLACE('00000000-0000-0000-0000-00000000000d', '-', '')), '2026-03-23 17:00:00', '2026-03-18 18:00:00', '2026-03-23 17:00:00', NULL);
INSERT INTO conversations (id, type, name, avatar_url, created_by, last_message_id, last_message_preview, last_sender_id, last_message_at, created_at, updated_at, deleted_at) VALUES (UNHEX(REPLACE('20000000-0000-0000-0000-00000000000e', '-', '')), 'GROUP', 'Gaming Squad', 'https://example.com/gaming-squad.png', UNHEX(REPLACE('00000000-0000-0000-0000-000000000010', '-', '')), UNHEX(REPLACE('40000000-0000-0000-0000-000000000013', '-', '')), 'Ready for tonight''s match?', UNHEX(REPLACE('00000000-0000-0000-0000-000000000011', '-', '')), '2026-03-23 21:10:00', '2026-03-18 21:00:00', '2026-03-23 21:10:00', NULL);
INSERT INTO conversations (id, type, name, avatar_url, created_by, last_message_id, last_message_preview, last_sender_id, last_message_at, created_at, updated_at, deleted_at) VALUES (UNHEX(REPLACE('20000000-0000-0000-0000-00000000000f', '-', '')), 'GROUP', 'Travel Buddies', 'https://example.com/travel-buddies.png', UNHEX(REPLACE('00000000-0000-0000-0000-000000000004', '-', '')), UNHEX(REPLACE('40000000-0000-0000-0000-000000000014', '-', '')), 'Tickets are booked.', UNHEX(REPLACE('00000000-0000-0000-0000-000000000008', '-', '')), '2026-03-24 07:55:00', '2026-03-19 07:00:00', '2026-03-24 07:55:00', NULL);
INSERT INTO conversations (id, type, name, avatar_url, created_by, last_message_id, last_message_preview, last_sender_id, last_message_at, created_at, updated_at, deleted_at) VALUES (UNHEX(REPLACE('20000000-0000-0000-0000-000000000010', '-', '')), 'PRIVATE', NULL, NULL, UNHEX(REPLACE('00000000-0000-0000-0000-000000000010', '-', '')), NULL, NULL, NULL, NULL, '2026-03-19 10:00:00', '2026-03-19 10:00:00', NULL);
INSERT INTO conversations (id, type, name, avatar_url, created_by, last_message_id, last_message_preview, last_sender_id, last_message_at, created_at, updated_at, deleted_at) VALUES (UNHEX(REPLACE('20000000-0000-0000-0000-000000000011', '-', '')), 'PRIVATE', NULL, NULL, UNHEX(REPLACE('00000000-0000-0000-0000-000000000011', '-', '')), NULL, NULL, NULL, NULL, '2026-03-19 10:20:00', '2026-03-19 10:20:00', NULL);
INSERT INTO conversations (id, type, name, avatar_url, created_by, last_message_id, last_message_preview, last_sender_id, last_message_at, created_at, updated_at, deleted_at) VALUES (UNHEX(REPLACE('20000000-0000-0000-0000-000000000012', '-', '')), 'PRIVATE', NULL, NULL, UNHEX(REPLACE('00000000-0000-0000-0000-000000000005', '-', '')), NULL, NULL, NULL, NULL, '2026-03-19 10:40:00', '2026-03-19 10:40:00', NULL);
INSERT INTO conversations (id, type, name, avatar_url, created_by, last_message_id, last_message_preview, last_sender_id, last_message_at, created_at, updated_at, deleted_at) VALUES (UNHEX(REPLACE('20000000-0000-0000-0000-000000000013', '-', '')), 'PRIVATE', NULL, NULL, UNHEX(REPLACE('00000000-0000-0000-0000-000000000006', '-', '')), NULL, NULL, NULL, NULL, '2026-03-19 11:00:00', '2026-03-19 11:00:00', NULL);
INSERT INTO conversations (id, type, name, avatar_url, created_by, last_message_id, last_message_preview, last_sender_id, last_message_at, created_at, updated_at, deleted_at) VALUES (UNHEX(REPLACE('20000000-0000-0000-0000-000000000014', '-', '')), 'PRIVATE', NULL, NULL, UNHEX(REPLACE('00000000-0000-0000-0000-000000000007', '-', '')), NULL, NULL, NULL, NULL, '2026-03-19 11:20:00', '2026-03-19 11:20:00', NULL);

-- conversation_members
INSERT INTO conversation_members (id, conversation_id, user_id, role, last_read_message_id, joined_at, left_at) VALUES (UNHEX(REPLACE('30000000-0000-0000-0000-000000000001', '-', '')), UNHEX(REPLACE('20000000-0000-0000-0000-000000000001', '-', '')), UNHEX(REPLACE('00000000-0000-0000-0000-000000000001', '-', '')), 'ADMIN',  NULL, '2026-03-13 08:01:00', NULL);
INSERT INTO conversation_members (id, conversation_id, user_id, role, last_read_message_id, joined_at, left_at) VALUES (UNHEX(REPLACE('30000000-0000-0000-0000-000000000002', '-', '')), UNHEX(REPLACE('20000000-0000-0000-0000-000000000001', '-', '')), UNHEX(REPLACE('00000000-0000-0000-0000-000000000002', '-', '')), 'MEMBER', NULL, '2026-03-13 08:02:00', NULL);
INSERT INTO conversation_members (id, conversation_id, user_id, role, last_read_message_id, joined_at, left_at) VALUES (UNHEX(REPLACE('30000000-0000-0000-0000-000000000003', '-', '')), UNHEX(REPLACE('20000000-0000-0000-0000-000000000002', '-', '')), UNHEX(REPLACE('00000000-0000-0000-0000-000000000001', '-', '')), 'ADMIN',  NULL, '2026-03-13 09:01:00', NULL);
INSERT INTO conversation_members (id, conversation_id, user_id, role, last_read_message_id, joined_at, left_at) VALUES (UNHEX(REPLACE('30000000-0000-0000-0000-000000000004', '-', '')), UNHEX(REPLACE('20000000-0000-0000-0000-000000000002', '-', '')), UNHEX(REPLACE('00000000-0000-0000-0000-000000000003', '-', '')), 'MEMBER', NULL, '2026-03-13 09:02:00', NULL);
INSERT INTO conversation_members (id, conversation_id, user_id, role, last_read_message_id, joined_at, left_at) VALUES (UNHEX(REPLACE('30000000-0000-0000-0000-000000000005', '-', '')), UNHEX(REPLACE('20000000-0000-0000-0000-000000000003', '-', '')), UNHEX(REPLACE('00000000-0000-0000-0000-000000000002', '-', '')), 'ADMIN',  NULL, '2026-03-13 10:01:00', NULL);
INSERT INTO conversation_members (id, conversation_id, user_id, role, last_read_message_id, joined_at, left_at) VALUES (UNHEX(REPLACE('30000000-0000-0000-0000-000000000006', '-', '')), UNHEX(REPLACE('20000000-0000-0000-0000-000000000003', '-', '')), UNHEX(REPLACE('00000000-0000-0000-0000-000000000003', '-', '')), 'MEMBER', NULL, '2026-03-13 10:02:00', NULL);
INSERT INTO conversation_members (id, conversation_id, user_id, role, last_read_message_id, joined_at, left_at) VALUES (UNHEX(REPLACE('30000000-0000-0000-0000-000000000007', '-', '')), UNHEX(REPLACE('20000000-0000-0000-0000-000000000004', '-', '')), UNHEX(REPLACE('00000000-0000-0000-0000-000000000004', '-', '')), 'ADMIN',  NULL, '2026-03-13 11:01:00', NULL);
INSERT INTO conversation_members (id, conversation_id, user_id, role, last_read_message_id, joined_at, left_at) VALUES (UNHEX(REPLACE('30000000-0000-0000-0000-000000000008', '-', '')), UNHEX(REPLACE('20000000-0000-0000-0000-000000000004', '-', '')), UNHEX(REPLACE('00000000-0000-0000-0000-000000000005', '-', '')), 'MEMBER', NULL, '2026-03-13 11:02:00', NULL);
INSERT INTO conversation_members (id, conversation_id, user_id, role, last_read_message_id, joined_at, left_at) VALUES (UNHEX(REPLACE('30000000-0000-0000-0000-000000000009', '-', '')), UNHEX(REPLACE('20000000-0000-0000-0000-000000000005', '-', '')), UNHEX(REPLACE('00000000-0000-0000-0000-000000000006', '-', '')), 'ADMIN',  NULL, '2026-03-14 14:01:00', NULL);
INSERT INTO conversation_members (id, conversation_id, user_id, role, last_read_message_id, joined_at, left_at) VALUES (UNHEX(REPLACE('30000000-0000-0000-0000-00000000000a', '-', '')), UNHEX(REPLACE('20000000-0000-0000-0000-000000000005', '-', '')), UNHEX(REPLACE('00000000-0000-0000-0000-000000000008', '-', '')), 'MEMBER', NULL, '2026-03-14 14:02:00', NULL);
INSERT INTO conversation_members (id, conversation_id, user_id, role, last_read_message_id, joined_at, left_at) VALUES (UNHEX(REPLACE('30000000-0000-0000-0000-00000000000b', '-', '')), UNHEX(REPLACE('20000000-0000-0000-0000-000000000006', '-', '')), UNHEX(REPLACE('00000000-0000-0000-0000-000000000008', '-', '')), 'ADMIN',  NULL, '2026-03-14 16:01:00', NULL);
INSERT INTO conversation_members (id, conversation_id, user_id, role, last_read_message_id, joined_at, left_at) VALUES (UNHEX(REPLACE('30000000-0000-0000-0000-00000000000c', '-', '')), UNHEX(REPLACE('20000000-0000-0000-0000-000000000006', '-', '')), UNHEX(REPLACE('00000000-0000-0000-0000-000000000009', '-', '')), 'MEMBER', NULL, '2026-03-14 16:02:00', NULL);
INSERT INTO conversation_members (id, conversation_id, user_id, role, last_read_message_id, joined_at, left_at) VALUES (UNHEX(REPLACE('30000000-0000-0000-0000-00000000000d', '-', '')), UNHEX(REPLACE('20000000-0000-0000-0000-000000000007', '-', '')), UNHEX(REPLACE('00000000-0000-0000-0000-000000000009', '-', '')), 'ADMIN',  NULL, '2026-03-14 18:01:00', NULL);
INSERT INTO conversation_members (id, conversation_id, user_id, role, last_read_message_id, joined_at, left_at) VALUES (UNHEX(REPLACE('30000000-0000-0000-0000-00000000000e', '-', '')), UNHEX(REPLACE('20000000-0000-0000-0000-000000000007', '-', '')), UNHEX(REPLACE('00000000-0000-0000-0000-00000000000a', '-', '')), 'MEMBER', NULL, '2026-03-14 18:02:00', NULL);
INSERT INTO conversation_members (id, conversation_id, user_id, role, last_read_message_id, joined_at, left_at) VALUES (UNHEX(REPLACE('30000000-0000-0000-0000-00000000000f', '-', '')), UNHEX(REPLACE('20000000-0000-0000-0000-000000000008', '-', '')), UNHEX(REPLACE('00000000-0000-0000-0000-00000000000b', '-', '')), 'ADMIN',  NULL, '2026-03-15 08:31:00', NULL);
INSERT INTO conversation_members (id, conversation_id, user_id, role, last_read_message_id, joined_at, left_at) VALUES (UNHEX(REPLACE('30000000-0000-0000-0000-000000000010', '-', '')), UNHEX(REPLACE('20000000-0000-0000-0000-000000000008', '-', '')), UNHEX(REPLACE('00000000-0000-0000-0000-00000000000c', '-', '')), 'MEMBER', NULL, '2026-03-15 08:32:00', NULL);
INSERT INTO conversation_members (id, conversation_id, user_id, role, last_read_message_id, joined_at, left_at) VALUES (UNHEX(REPLACE('30000000-0000-0000-0000-000000000011', '-', '')), UNHEX(REPLACE('20000000-0000-0000-0000-000000000009', '-', '')), UNHEX(REPLACE('00000000-0000-0000-0000-00000000000e', '-', '')), 'ADMIN',  NULL, '2026-03-15 09:01:00', NULL);
INSERT INTO conversation_members (id, conversation_id, user_id, role, last_read_message_id, joined_at, left_at) VALUES (UNHEX(REPLACE('30000000-0000-0000-0000-000000000012', '-', '')), UNHEX(REPLACE('20000000-0000-0000-0000-000000000009', '-', '')), UNHEX(REPLACE('00000000-0000-0000-0000-00000000000f', '-', '')), 'MEMBER', NULL, '2026-03-15 09:02:00', NULL);

INSERT INTO conversation_members (id, conversation_id, user_id, role, last_read_message_id, joined_at, left_at) VALUES (UNHEX(REPLACE('30000000-0000-0000-0000-000000000013', '-', '')), UNHEX(REPLACE('20000000-0000-0000-0000-00000000000a', '-', '')), UNHEX(REPLACE('00000000-0000-0000-0000-000000000001', '-', '')), 'ADMIN',  NULL, '2026-03-16 19:01:00', NULL);
INSERT INTO conversation_members (id, conversation_id, user_id, role, last_read_message_id, joined_at, left_at) VALUES (UNHEX(REPLACE('30000000-0000-0000-0000-000000000014', '-', '')), UNHEX(REPLACE('20000000-0000-0000-0000-00000000000a', '-', '')), UNHEX(REPLACE('00000000-0000-0000-0000-000000000002', '-', '')), 'MEMBER', NULL, '2026-03-16 19:02:00', NULL);
INSERT INTO conversation_members (id, conversation_id, user_id, role, last_read_message_id, joined_at, left_at) VALUES (UNHEX(REPLACE('30000000-0000-0000-0000-000000000015', '-', '')), UNHEX(REPLACE('20000000-0000-0000-0000-00000000000a', '-', '')), UNHEX(REPLACE('00000000-0000-0000-0000-000000000003', '-', '')), 'MEMBER', NULL, '2026-03-16 19:03:00', NULL);
INSERT INTO conversation_members (id, conversation_id, user_id, role, last_read_message_id, joined_at, left_at) VALUES (UNHEX(REPLACE('30000000-0000-0000-0000-000000000016', '-', '')), UNHEX(REPLACE('20000000-0000-0000-0000-00000000000b', '-', '')), UNHEX(REPLACE('00000000-0000-0000-0000-000000000005', '-', '')), 'ADMIN',  NULL, '2026-03-16 20:01:00', NULL);
INSERT INTO conversation_members (id, conversation_id, user_id, role, last_read_message_id, joined_at, left_at) VALUES (UNHEX(REPLACE('30000000-0000-0000-0000-000000000017', '-', '')), UNHEX(REPLACE('20000000-0000-0000-0000-00000000000b', '-', '')), UNHEX(REPLACE('00000000-0000-0000-0000-000000000006', '-', '')), 'MEMBER', NULL, '2026-03-16 20:02:00', NULL);
INSERT INTO conversation_members (id, conversation_id, user_id, role, last_read_message_id, joined_at, left_at) VALUES (UNHEX(REPLACE('30000000-0000-0000-0000-000000000018', '-', '')), UNHEX(REPLACE('20000000-0000-0000-0000-00000000000b', '-', '')), UNHEX(REPLACE('00000000-0000-0000-0000-000000000007', '-', '')), 'MEMBER', NULL, '2026-03-16 20:03:00', NULL);
INSERT INTO conversation_members (id, conversation_id, user_id, role, last_read_message_id, joined_at, left_at) VALUES (UNHEX(REPLACE('30000000-0000-0000-0000-000000000019', '-', '')), UNHEX(REPLACE('20000000-0000-0000-0000-00000000000c', '-', '')), UNHEX(REPLACE('00000000-0000-0000-0000-000000000009', '-', '')), 'ADMIN',  NULL, '2026-03-17 20:31:00', NULL);
INSERT INTO conversation_members (id, conversation_id, user_id, role, last_read_message_id, joined_at, left_at) VALUES (UNHEX(REPLACE('30000000-0000-0000-0000-00000000001a', '-', '')), UNHEX(REPLACE('20000000-0000-0000-0000-00000000000c', '-', '')), UNHEX(REPLACE('00000000-0000-0000-0000-00000000000a', '-', '')), 'MEMBER', NULL, '2026-03-17 20:32:00', NULL);
INSERT INTO conversation_members (id, conversation_id, user_id, role, last_read_message_id, joined_at, left_at) VALUES (UNHEX(REPLACE('30000000-0000-0000-0000-00000000001b', '-', '')), UNHEX(REPLACE('20000000-0000-0000-0000-00000000000c', '-', '')), UNHEX(REPLACE('00000000-0000-0000-0000-00000000000b', '-', '')), 'MEMBER', NULL, '2026-03-17 20:33:00', NULL);
INSERT INTO conversation_members (id, conversation_id, user_id, role, last_read_message_id, joined_at, left_at) VALUES (UNHEX(REPLACE('30000000-0000-0000-0000-00000000001c', '-', '')), UNHEX(REPLACE('20000000-0000-0000-0000-00000000000d', '-', '')), UNHEX(REPLACE('00000000-0000-0000-0000-00000000000d', '-', '')), 'ADMIN',  NULL, '2026-03-18 18:01:00', NULL);
INSERT INTO conversation_members (id, conversation_id, user_id, role, last_read_message_id, joined_at, left_at) VALUES (UNHEX(REPLACE('30000000-0000-0000-0000-00000000001d', '-', '')), UNHEX(REPLACE('20000000-0000-0000-0000-00000000000d', '-', '')), UNHEX(REPLACE('00000000-0000-0000-0000-00000000000e', '-', '')), 'MEMBER', NULL, '2026-03-18 18:02:00', NULL);
INSERT INTO conversation_members (id, conversation_id, user_id, role, last_read_message_id, joined_at, left_at) VALUES (UNHEX(REPLACE('30000000-0000-0000-0000-00000000001e', '-', '')), UNHEX(REPLACE('20000000-0000-0000-0000-00000000000d', '-', '')), UNHEX(REPLACE('00000000-0000-0000-0000-00000000000f', '-', '')), 'MEMBER', NULL, '2026-03-18 18:03:00', NULL);
INSERT INTO conversation_members (id, conversation_id, user_id, role, last_read_message_id, joined_at, left_at) VALUES (UNHEX(REPLACE('30000000-0000-0000-0000-00000000001f', '-', '')), UNHEX(REPLACE('20000000-0000-0000-0000-00000000000e', '-', '')), UNHEX(REPLACE('00000000-0000-0000-0000-000000000010', '-', '')), 'ADMIN',  NULL, '2026-03-18 21:01:00', NULL);
INSERT INTO conversation_members (id, conversation_id, user_id, role, last_read_message_id, joined_at, left_at) VALUES (UNHEX(REPLACE('30000000-0000-0000-0000-000000000020', '-', '')), UNHEX(REPLACE('20000000-0000-0000-0000-00000000000e', '-', '')), UNHEX(REPLACE('00000000-0000-0000-0000-000000000011', '-', '')), 'MEMBER', NULL, '2026-03-18 21:02:00', NULL);
INSERT INTO conversation_members (id, conversation_id, user_id, role, last_read_message_id, joined_at, left_at) VALUES (UNHEX(REPLACE('30000000-0000-0000-0000-000000000021', '-', '')), UNHEX(REPLACE('20000000-0000-0000-0000-00000000000e', '-', '')), UNHEX(REPLACE('00000000-0000-0000-0000-000000000012', '-', '')), 'MEMBER', NULL, '2026-03-18 21:03:00', NULL);
INSERT INTO conversation_members (id, conversation_id, user_id, role, last_read_message_id, joined_at, left_at) VALUES (UNHEX(REPLACE('30000000-0000-0000-0000-000000000022', '-', '')), UNHEX(REPLACE('20000000-0000-0000-0000-00000000000f', '-', '')), UNHEX(REPLACE('00000000-0000-0000-0000-000000000004', '-', '')), 'ADMIN',  NULL, '2026-03-19 07:01:00', NULL);
INSERT INTO conversation_members (id, conversation_id, user_id, role, last_read_message_id, joined_at, left_at) VALUES (UNHEX(REPLACE('30000000-0000-0000-0000-000000000023', '-', '')), UNHEX(REPLACE('20000000-0000-0000-0000-00000000000f', '-', '')), UNHEX(REPLACE('00000000-0000-0000-0000-000000000008', '-', '')), 'MEMBER', NULL, '2026-03-19 07:02:00', NULL);
INSERT INTO conversation_members (id, conversation_id, user_id, role, last_read_message_id, joined_at, left_at) VALUES (UNHEX(REPLACE('30000000-0000-0000-0000-000000000024', '-', '')), UNHEX(REPLACE('20000000-0000-0000-0000-00000000000f', '-', '')), UNHEX(REPLACE('00000000-0000-0000-0000-00000000000c', '-', '')), 'MEMBER', NULL, '2026-03-19 07:03:00', NULL);
INSERT INTO conversation_members (id, conversation_id, user_id, role, last_read_message_id, joined_at, left_at) VALUES (UNHEX(REPLACE('30000000-0000-0000-0000-000000000025', '-', '')), UNHEX(REPLACE('20000000-0000-0000-0000-000000000010', '-', '')), UNHEX(REPLACE('00000000-0000-0000-0000-000000000010', '-', '')), 'ADMIN',  NULL, '2026-03-19 10:01:00', NULL);
INSERT INTO conversation_members (id, conversation_id, user_id, role, last_read_message_id, joined_at, left_at) VALUES (UNHEX(REPLACE('30000000-0000-0000-0000-000000000026', '-', '')), UNHEX(REPLACE('20000000-0000-0000-0000-000000000010', '-', '')), UNHEX(REPLACE('00000000-0000-0000-0000-000000000013', '-', '')), 'MEMBER', NULL, '2026-03-19 10:02:00', NULL);
INSERT INTO conversation_members (id, conversation_id, user_id, role, last_read_message_id, joined_at, left_at) VALUES (UNHEX(REPLACE('30000000-0000-0000-0000-000000000027', '-', '')), UNHEX(REPLACE('20000000-0000-0000-0000-000000000011', '-', '')), UNHEX(REPLACE('00000000-0000-0000-0000-000000000011', '-', '')), 'ADMIN',  NULL, '2026-03-19 10:21:00', NULL);
INSERT INTO conversation_members (id, conversation_id, user_id, role, last_read_message_id, joined_at, left_at) VALUES (UNHEX(REPLACE('30000000-0000-0000-0000-000000000028', '-', '')), UNHEX(REPLACE('20000000-0000-0000-0000-000000000011', '-', '')), UNHEX(REPLACE('00000000-0000-0000-0000-000000000014', '-', '')), 'MEMBER', NULL, '2026-03-19 10:22:00', NULL);
INSERT INTO conversation_members (id, conversation_id, user_id, role, last_read_message_id, joined_at, left_at) VALUES (UNHEX(REPLACE('30000000-0000-0000-0000-000000000029', '-', '')), UNHEX(REPLACE('20000000-0000-0000-0000-000000000012', '-', '')), UNHEX(REPLACE('00000000-0000-0000-0000-000000000005', '-', '')), 'ADMIN',  NULL, '2026-03-19 10:41:00', NULL);
INSERT INTO conversation_members (id, conversation_id, user_id, role, last_read_message_id, joined_at, left_at) VALUES (UNHEX(REPLACE('30000000-0000-0000-0000-00000000002a', '-', '')), UNHEX(REPLACE('20000000-0000-0000-0000-000000000012', '-', '')), UNHEX(REPLACE('00000000-0000-0000-0000-000000000009', '-', '')), 'MEMBER', NULL, '2026-03-19 10:42:00', NULL);
INSERT INTO conversation_members (id, conversation_id, user_id, role, last_read_message_id, joined_at, left_at) VALUES (UNHEX(REPLACE('30000000-0000-0000-0000-00000000002b', '-', '')), UNHEX(REPLACE('20000000-0000-0000-0000-000000000013', '-', '')), UNHEX(REPLACE('00000000-0000-0000-0000-000000000006', '-', '')), 'ADMIN',  NULL, '2026-03-19 11:01:00', NULL);
INSERT INTO conversation_members (id, conversation_id, user_id, role, last_read_message_id, joined_at, left_at) VALUES (UNHEX(REPLACE('30000000-0000-0000-0000-00000000002c', '-', '')), UNHEX(REPLACE('20000000-0000-0000-0000-000000000013', '-', '')), UNHEX(REPLACE('00000000-0000-0000-0000-00000000000b', '-', '')), 'MEMBER', NULL, '2026-03-19 11:02:00', NULL);
INSERT INTO conversation_members (id, conversation_id, user_id, role, last_read_message_id, joined_at, left_at) VALUES (UNHEX(REPLACE('30000000-0000-0000-0000-00000000002d', '-', '')), UNHEX(REPLACE('20000000-0000-0000-0000-000000000014', '-', '')), UNHEX(REPLACE('00000000-0000-0000-0000-000000000007', '-', '')), 'ADMIN',  NULL, '2026-03-19 11:21:00', NULL);
INSERT INTO conversation_members (id, conversation_id, user_id, role, last_read_message_id, joined_at, left_at) VALUES (UNHEX(REPLACE('30000000-0000-0000-0000-00000000002e', '-', '')), UNHEX(REPLACE('20000000-0000-0000-0000-000000000014', '-', '')), UNHEX(REPLACE('00000000-0000-0000-0000-00000000000c', '-', '')), 'MEMBER', NULL, '2026-03-19 11:22:00', NULL);

-- messages
INSERT INTO messages (id, conversation_id, sender_id, content, type, created_at, updated_at, deleted_at) VALUES (UNHEX(REPLACE('40000000-0000-0000-0000-000000000001', '-', '')), UNHEX(REPLACE('20000000-0000-0000-0000-000000000001', '-', '')), UNHEX(REPLACE('00000000-0000-0000-0000-000000000001', '-', '')), 'Hello user2!', 'TEXT', '2026-03-20 08:05:00', '2026-03-20 08:05:00', NULL);
INSERT INTO messages (id, conversation_id, sender_id, content, type, created_at, updated_at, deleted_at) VALUES (UNHEX(REPLACE('40000000-0000-0000-0000-000000000002', '-', '')), UNHEX(REPLACE('20000000-0000-0000-0000-000000000001', '-', '')), UNHEX(REPLACE('00000000-0000-0000-0000-000000000002', '-', '')), 'Hi user1, how are you?', 'TEXT', '2026-03-20 08:07:00', '2026-03-20 08:07:00', NULL);
INSERT INTO messages (id, conversation_id, sender_id, content, type, created_at, updated_at, deleted_at) VALUES (UNHEX(REPLACE('40000000-0000-0000-0000-000000000003', '-', '')), UNHEX(REPLACE('20000000-0000-0000-0000-000000000002', '-', '')), UNHEX(REPLACE('00000000-0000-0000-0000-000000000001', '-', '')), 'Did you finish the task?', 'TEXT', '2026-03-20 09:10:00', '2026-03-20 09:10:00', NULL);
INSERT INTO messages (id, conversation_id, sender_id, content, type, created_at, updated_at, deleted_at) VALUES (UNHEX(REPLACE('40000000-0000-0000-0000-000000000004', '-', '')), UNHEX(REPLACE('20000000-0000-0000-0000-000000000002', '-', '')), UNHEX(REPLACE('00000000-0000-0000-0000-000000000003', '-', '')), 'Almost done, sending now.', 'TEXT', '2026-03-20 09:13:00', '2026-03-20 09:13:00', NULL);
INSERT INTO messages (id, conversation_id, sender_id, content, type, created_at, updated_at, deleted_at) VALUES (UNHEX(REPLACE('40000000-0000-0000-0000-000000000005', '-', '')), UNHEX(REPLACE('20000000-0000-0000-0000-000000000003', '-', '')), UNHEX(REPLACE('00000000-0000-0000-0000-000000000002', '-', '')), 'Lunch today?', 'TEXT', '2026-03-20 11:45:00', '2026-03-20 11:45:00', NULL);
INSERT INTO messages (id, conversation_id, sender_id, content, type, created_at, updated_at, deleted_at) VALUES (UNHEX(REPLACE('40000000-0000-0000-0000-000000000006', '-', '')), UNHEX(REPLACE('20000000-0000-0000-0000-000000000004', '-', '')), UNHEX(REPLACE('00000000-0000-0000-0000-000000000005', '-', '')), 'Sure, let''s meet at 1 PM.', 'TEXT', '2026-03-20 12:10:00', '2026-03-20 12:10:00', NULL);
INSERT INTO messages (id, conversation_id, sender_id, content, type, created_at, updated_at, deleted_at) VALUES (UNHEX(REPLACE('40000000-0000-0000-0000-000000000007', '-', '')), UNHEX(REPLACE('20000000-0000-0000-0000-000000000005', '-', '')), UNHEX(REPLACE('00000000-0000-0000-0000-000000000006', '-', '')), 'Are you free this evening?', 'TEXT', '2026-03-20 18:25:00', '2026-03-20 18:25:00', NULL);
INSERT INTO messages (id, conversation_id, sender_id, content, type, created_at, updated_at, deleted_at) VALUES (UNHEX(REPLACE('40000000-0000-0000-0000-000000000008', '-', '')), UNHEX(REPLACE('20000000-0000-0000-0000-000000000006', '-', '')), UNHEX(REPLACE('00000000-0000-0000-0000-000000000009', '-', '')), 'Yes, I will call you later.', 'TEXT', '2026-03-20 19:05:00', '2026-03-20 19:05:00', NULL);
INSERT INTO messages (id, conversation_id, sender_id, content, type, created_at, updated_at, deleted_at) VALUES (UNHEX(REPLACE('40000000-0000-0000-0000-000000000009', '-', '')), UNHEX(REPLACE('20000000-0000-0000-0000-000000000007', '-', '')), UNHEX(REPLACE('00000000-0000-0000-0000-00000000000a', '-', '')), 'Can you review my code?', 'TEXT', '2026-03-21 08:40:00', '2026-03-21 08:40:00', NULL);
INSERT INTO messages (id, conversation_id, sender_id, content, type, created_at, updated_at, deleted_at) VALUES (UNHEX(REPLACE('40000000-0000-0000-0000-00000000000a', '-', '')), UNHEX(REPLACE('20000000-0000-0000-0000-000000000008', '-', '')), UNHEX(REPLACE('00000000-0000-0000-0000-00000000000b', '-', '')), 'Please check the document.', 'TEXT', '2026-03-21 10:15:00', '2026-03-21 10:15:00', NULL);
INSERT INTO messages (id, conversation_id, sender_id, content, type, created_at, updated_at, deleted_at) VALUES (UNHEX(REPLACE('40000000-0000-0000-0000-00000000000b', '-', '')), UNHEX(REPLACE('20000000-0000-0000-0000-000000000009', '-', '')), UNHEX(REPLACE('00000000-0000-0000-0000-00000000000f', '-', '')), 'Meeting moved to tomorrow.', 'TEXT', '2026-03-21 14:00:00', '2026-03-21 14:00:00', NULL);
INSERT INTO messages (id, conversation_id, sender_id, content, type, created_at, updated_at, deleted_at) VALUES (UNHEX(REPLACE('40000000-0000-0000-0000-00000000000c', '-', '')), UNHEX(REPLACE('20000000-0000-0000-0000-00000000000a', '-', '')), UNHEX(REPLACE('00000000-0000-0000-0000-000000000001', '-', '')), 'Welcome to Project Alpha.', 'TEXT', '2026-03-21 16:30:00', '2026-03-21 16:30:00', NULL);
INSERT INTO messages (id, conversation_id, sender_id, content, type, created_at, updated_at, deleted_at) VALUES (UNHEX(REPLACE('40000000-0000-0000-0000-00000000000d', '-', '')), UNHEX(REPLACE('20000000-0000-0000-0000-00000000000a', '-', '')), UNHEX(REPLACE('00000000-0000-0000-0000-000000000002', '-', '')), 'Thanks, excited to start.', 'TEXT', '2026-03-21 16:32:00', '2026-03-21 16:32:00', NULL);
INSERT INTO messages (id, conversation_id, sender_id, content, type, created_at, updated_at, deleted_at) VALUES (UNHEX(REPLACE('40000000-0000-0000-0000-00000000000e', '-', '')), UNHEX(REPLACE('20000000-0000-0000-0000-00000000000a', '-', '')), UNHEX(REPLACE('00000000-0000-0000-0000-000000000003', '-', '')), 'Let''s sync at 9 AM.', 'TEXT', '2026-03-21 16:35:00', '2026-03-21 16:35:00', NULL);
INSERT INTO messages (id, conversation_id, sender_id, content, type, created_at, updated_at, deleted_at) VALUES (UNHEX(REPLACE('40000000-0000-0000-0000-00000000000f', '-', '')), UNHEX(REPLACE('20000000-0000-0000-0000-00000000000b', '-', '')), UNHEX(REPLACE('00000000-0000-0000-0000-000000000005', '-', '')), 'Weekend trip confirmed?', 'TEXT', '2026-03-22 09:20:00', '2026-03-22 09:20:00', NULL);
INSERT INTO messages (id, conversation_id, sender_id, content, type, created_at, updated_at, deleted_at) VALUES (UNHEX(REPLACE('40000000-0000-0000-0000-000000000010', '-', '')), UNHEX(REPLACE('20000000-0000-0000-0000-00000000000b', '-', '')), UNHEX(REPLACE('00000000-0000-0000-0000-000000000007', '-', '')), 'Yes, leaving on Saturday.', 'TEXT', '2026-03-22 09:25:00', '2026-03-22 09:25:00', NULL);
INSERT INTO messages (id, conversation_id, sender_id, content, type, created_at, updated_at, deleted_at) VALUES (UNHEX(REPLACE('40000000-0000-0000-0000-000000000011', '-', '')), UNHEX(REPLACE('20000000-0000-0000-0000-00000000000c', '-', '')), UNHEX(REPLACE('00000000-0000-0000-0000-00000000000a', '-', '')), 'Chapter 5 is difficult.', 'TEXT', '2026-03-22 20:10:00', '2026-03-22 20:10:00', NULL);
INSERT INTO messages (id, conversation_id, sender_id, content, type, created_at, updated_at, deleted_at) VALUES (UNHEX(REPLACE('40000000-0000-0000-0000-000000000012', '-', '')), UNHEX(REPLACE('20000000-0000-0000-0000-00000000000d', '-', '')), UNHEX(REPLACE('00000000-0000-0000-0000-00000000000d', '-', '')), 'Family dinner at 7 PM.', 'TEXT', '2026-03-23 17:00:00', '2026-03-23 17:00:00', NULL);
INSERT INTO messages (id, conversation_id, sender_id, content, type, created_at, updated_at, deleted_at) VALUES (UNHEX(REPLACE('40000000-0000-0000-0000-000000000013', '-', '')), UNHEX(REPLACE('20000000-0000-0000-0000-00000000000e', '-', '')), UNHEX(REPLACE('00000000-0000-0000-0000-000000000011', '-', '')), 'Ready for tonight''s match?', 'TEXT', '2026-03-23 21:10:00', '2026-03-23 21:10:00', NULL);
INSERT INTO messages (id, conversation_id, sender_id, content, type, created_at, updated_at, deleted_at) VALUES (UNHEX(REPLACE('40000000-0000-0000-0000-000000000014', '-', '')), UNHEX(REPLACE('20000000-0000-0000-0000-00000000000f', '-', '')), UNHEX(REPLACE('00000000-0000-0000-0000-000000000008', '-', '')), 'Tickets are booked.', 'TEXT', '2026-03-24 07:55:00', '2026-03-24 07:55:00', NULL);
